{
    "ND": 2982.7527735956387,
    "RMSE": 21341.783759441765,
    "test_loss": 8.175368711110709
}