{
    "ND": 2897.472145142018,
    "RMSE": 20855.118292806656,
    "test_loss": 8.080773517063685
}