{
    "ND": 0.4513852291978458,
    "RMSE": 0.8708654133437341,
    "test_loss": 1.7047947635491116
}